No automated migration in progress,,,,,,,,,,,,
Last automated migration error: no error.,,,,,,,,,,,,
NOTION DOCS,,,,,,,,,,,,
First name,Last name,Email,Phone (US),Gender,Birthdate (MM/DD/YYYY),Address,City,State,ZIP Code,Note,Processed by automatic migration?,Last automatic migration error
Christopher,Wright,Christopher.Wright+535588@example.com,1354534564,female,12/17/1987,574 Murphy Passage Apt. 433,New Jacquelinefort,ID,54519,,,
Mary,Wiggins,Mary.Wiggins+239122@example.com,,non_binary,02/14/1978,89851 Michael Avenue Apt. 112,Garciamouth,NE,88652,,,
Lisa,Gilbert,Lisa.Gilbert+607846@example.com,,non_binary,05/25/1985,677 Mack Landing Suite 884,East Deborahland,MN,54312,,,
Mitchell,Farley,Mitchell.Farley+816170@example.com,1354334564,female,01/12/1997,2463 Davis Land Suite 734,New Michael,TX,85239,Room group small shoulder.,,
Holly,Boyd,Holly.Boyd+797104@example.com,,male,08/04/1965,364 Davis Prairie,West Ryan,PR,48517,,,
Michael,Thomas,Michael.Thomas+242958@example.com,,non_binary,11/14/1998,007 James Loop Apt. 816,Destinyborough,SD,72996,Hospital ready majority authority.,,
Amber,Stevenson,Amber.Stevenson+618213@example.com,1354535564,male,08/10/1987,5497 Nancy Glen Apt. 661,East Allenfort,DC,41995,,,
Felicia,Bennett,Felicia.Bennett+494533@example.com,,female,10/15/1998,7114 Jones Avenue,Hicksberg,SD,92771,,,
James,Costa,James.Costa+460277@example.com,,non_binary,10/08/1981,0823 Hamilton Brook,Johnsonborough,ID,63969,Board fall eat article practice media forward prevent.,,
Madeline,Phelps,Madeline.Phelps+808833@example.com,,female,04/12/1963,464 Cooper Union,Caitlinstad,PA,19545,Benefit compare room final.,,
Andrew,Parker,Andrew.Parker+781491@example.com,,female,11/02/1989,50567 Christopher Mall Apt. 577,Mcmillanstad,AS,39554,Somebody ever four determine while.,,
Ryan,Fitzgerald,Ryan.Fitzgerald+843729@example.com,1354334564,male,09/29/1968,8462 Rowland Pine,South Robert,MH,35331,,,
Eddie,Todd,Eddie.Todd+854719@example.com,,male,03/06/1982,241 Emily Keys Suite 525,Sarahtown,SD,79742,,,
Chad,Barnett,Chad.Barnett+639968@example.com,,non_binary,05/24/1989,21669 Gonzales Union Suite 980,Lesliemouth,TN,84470,,,
Samuel,Alvarez,Samuel.Alvarez+261761@example.com,,male,08/29/1969,734 Morgan Estates Apt. 140,Port Aaron,WY,15618,Project bank blood image west.,,
Susan,Mills,Susan.Mills+8338@example.com,,female,05/21/1965,7994 Perkins Bypass Suite 730,Lake Melindaberg,IA,82500,Member leave box leave pick until hundred.,,
Susan,Williamson,Susan.Williamson+765851@example.com,,non_binary,08/27/1975,3747 Payne Spurs Apt. 610,East Kimberlyshire,RI,07439,Think improve east.,,
Amy,Mueller,Amy.Mueller+103077@example.com,,non_binary,06/07/1974,30447 Shannon Fort Suite 779,Martinezborough,WV,65482,,,
Jimmy,Wilson,Jimmy.Wilson+837016@example.com,,male,07/21/1971,650 Smith Spur Apt. 956,Johnstonborough,MA,50364,Human kid student become six personal.,,
Catherine,Hobbs,Catherine.Hobbs+279349@example.com,,female,06/07/1985,4346 Laura Crest,New Kathleenborough,WA,09979,,,
Andrew,Hill,Andrew.Hill+292335@example.com,,non_binary,10/26/1985,448 David Harbors,Lake Catherine,WI,81870,,,
Travis,Brown,Travis.Brown+448974@example.com,,male,10/31/1989,71829 Morgan Ways,New Carla,WY,07310,,,
Cheryl,Carpenter,Cheryl.Carpenter+348946@example.com,,non_binary,09/18/1991,70769 Miller Spring Suite 682,South Emily,CO,81413,,,
Chad,Morgan,Chad.Morgan+423537@example.com,,male,06/07/1964,7082 Sheena Lakes,Amandaview,IA,01407,,,
John,Moore,John.Moore+178158@example.com,,non_binary,04/18/1970,05354 Edward Rue,Kellybury,CO,41956,,,
Craig,Crawford,Craig.Crawford+861777@example.com,,female,08/22/1983,0855 Payne Brooks Apt. 813,East Denise,MS,05478,,,
Cassandra,Hawkins,Cassandra.Hawkins+401405@example.com,,male,10/11/1976,69028 Meyer Pine,Patelmouth,CO,09218,,,
Kristen,Smith,Kristen.Smith+277890@example.com,,male,02/09/1969,309 Hannah Plains,Oneillview,CT,52349,,,
Thomas,Stanley,Thomas.Stanley+966318@example.com,,male,11/13/1961,835 Teresa Circle,Robertport,ND,08880,,,
Harold,White,Harold.White+471455@example.com,,non_binary,08/05/1977,4342 Thompson Islands,Lake Joseph,NJ,79743,,,
Jeff,Rios,Jeff.Rios+133610@example.com,,female,09/06/1978,92731 Patterson Lights,Castroshire,SD,76571,,,
Kenneth,Brown,Kenneth.Brown+727436@example.com,,female,01/25/1968,62801 Fuller Passage Apt. 534,Davisbury,NC,15127,,,
Miguel,Mendoza,Miguel.Mendoza+638304@example.com,,non_binary,03/06/1994,1004 Paul Divide,Ryanton,MI,61471,,,
John,Ramirez,John.Ramirez+165006@example.com,,male,03/19/1979,564 Elizabeth Forks Apt. 246,Rushbury,SC,72887,,,
Christopher,Phillips,Christopher.Phillips+46142@example.com,,female,11/12/1992,72742 Jennifer Streets,Richardville,ID,42042,,,
Garrett,Hunt,Garrett.Hunt+815668@example.com,,male,05/29/1964,5381 Thomas Shoals,North Meaganborough,GU,87901,Lawyer life by treatment friend join system.,,
John,Brewer,John.Brewer+903137@example.com,,non_binary,05/01/1983,52956 Wagner Centers,East Craig,AZ,39166,,,
Victoria,Payne,Victoria.Payne+948213@example.com,,non_binary,11/14/1976,56993 Russell Wall,North Josephland,MH,90969,,,
Alejandro,Payne,Alejandro.Payne+235145@example.com,,male,05/24/1972,4586 Miller Hills,Patrickburgh,MA,29595,,,
Chelsey,Mack,Chelsey.Mack+341101@example.com,,female,07/29/1977,50713 Kimberly Turnpike Apt. 263,Robinsonville,CO,45351,,,
Tanner,Roy,Tanner.Roy+969515@example.com,,female,09/06/1987,93888 Brian Curve Apt. 043,South Samuelside,LA,33247,,,
Ryan,Griffin,Ryan.Griffin+258304@example.com,,non_binary,12/10/1986,9865 Black Viaduct,East Stephen,NJ,73870,,,
Raymond,Mosley,Raymond.Mosley+736904@example.com,,male,03/02/1988,7092 Kayla Mountains Apt. 522,East Felicia,VA,18647,Baby forget leg sing program.,,
Nicholas,Smith,Nicholas.Smith+511706@example.com,,male,12/11/1979,84323 Lewis Run,New Johnhaven,HI,22894,,,
Julia,Johnson,Julia.Johnson+103074@example.com,,non_binary,04/09/1989,255 Kristina Villages Suite 325,South Charlesside,WY,39832,,,
Latasha,Salazar,Latasha.Salazar+824520@example.com,,female,05/19/1981,06059 John Alley Suite 860,West Lauren,OR,28535,,,
Tiffany,Moore,Tiffany.Moore+6834@example.com,,male,04/21/1993,2372 Heather Walks Suite 449,Valerieburgh,PA,87809,,,
Mary,Jones,Mary.Jones+91427@example.com,,male,01/28/1977,078 Jennifer Islands Suite 384,New Nathanielfurt,WA,53523,,,
Barbara,Walter,Barbara.Walter+491645@example.com,,male,05/18/1963,93247 Sean Brook Apt. 405,North Jameshaven,WY,10220,,,
Jennifer,Green,Jennifer.Green+417030@example.com,,non_binary,09/18/1993,5000 Rachel Loop Apt. 182,South Melinda,ID,39931,,,
Karen,Johnson,Karen.Johnson+477458@example.com,,female,01/12/2001,916 Singh Stravenue,Gutierrezborough,OR,45187,,,
Colton,Smith,Colton.Smith+453582@example.com,,female,01/10/1983,81940 Brady Plaza,Grantmouth,KS,36960,Establish office people than.,,
Edward,Chapman,Edward.Chapman+734714@example.com,,female,05/03/1999,9856 Trujillo Mills,Port Brandonmouth,FL,19658,,,
Elizabeth,Bailey,Elizabeth.Bailey+215819@example.com,,non_binary,08/14/1975,284 James Extensions Suite 211,Hayesshire,TX,02929,,,
Beth,Moore,Beth.Moore+572205@example.com,,male,05/17/1960,156 Christian Underpass Suite 265,Alexanderview,CO,30699,,,
Dylan,Beasley,Dylan.Beasley+609789@example.com,,male,04/12/1983,04071 Tracy Radial Apt. 811,North Ryan,OK,12020,,,
Sara,Lin,Sara.Lin+807594@example.com,,male,07/04/1999,3088 Wallace Prairie,Howellview,NJ,73803,,,
Katie,Ballard,Katie.Ballard+841842@example.com,,non_binary,01/16/1983,7862 Pacheco Run Suite 198,West Elizabeth,NM,82341,,,
Matthew,Robinson,Matthew.Robinson+236617@example.com,,male,09/20/1969,5492 Anne Trail Apt. 348,Rebeccaside,OH,45591,,,
Nicole,Arnold,Nicole.Arnold+336731@example.com,,non_binary,09/21/2000,0457 Katie Parkway,East Aprilburgh,IA,28917,,,
Kimberly,Bush,Kimberly.Bush+188613@example.com,,non_binary,08/22/1972,4443 Ronald Inlet Apt. 410,Robertshire,UT,98387,,,
Kara,Cochran,Kara.Cochran+840739@example.com,,female,01/20/1961,487 Reeves Vista,New Jessica,WI,52836,,,
John,Lynch,John.Lynch+780303@example.com,,non_binary,10/16/1978,855 Marquez Rapid Suite 262,West Denise,GA,56776,,,
Elizabeth,Harris,Elizabeth.Harris+283317@example.com,,female,06/05/1979,15819 Joshua Square Apt. 796,Port Alisonbury,IA,16847,,,
Samantha,Baker,Samantha.Baker+372951@example.com,,non_binary,11/23/1999,10908 Johnson Hills,Lindseyfort,SC,17414,,,
William,Miranda,William.Miranda+887566@example.com,,male,06/08/1996,6739 Wilkins Overpass,Kimberlyton,ND,34771,,,
Ashley,Parker,Ashley.Parker+184638@example.com,,non_binary,03/06/1980,909 Jacqueline Spring,South Jennifer,VI,67147,,,
Brad,Nash,Brad.Nash+467698@example.com,,non_binary,12/05/1990,1926 Stevenson Roads,Jennifermouth,TX,63531,,,
Robert,Banks,Robert.Banks+855899@example.com,,male,03/24/1979,97383 Cook Estate,North Kathleen,CO,92008,,,
Alexander,Guzman,Alexander.Guzman+535944@example.com,,female,08/28/1974,81446 Daniel Mills,Johnville,DC,55795,,,
Kimberly,Harding,Kimberly.Harding+726127@example.com,,male,06/08/1997,7607 Donald Land,Greenemouth,RI,14931,Agree how agree carry.,,
Mark,Cooper,Mark.Cooper+155986@example.com,,female,12/17/1973,8946 Kelly Harbors Apt. 174,Lake Ginamouth,GU,63676,,,
Maureen,Lee,Maureen.Lee+154551@example.com,,female,04/14/1982,12314 King Forge Apt. 743,Savannahchester,CO,57931,,,
Marissa,Snow,Marissa.Snow+911469@example.com,,non_binary,08/28/1962,12456 John Gateway Apt. 152,Mcmahonburgh,MI,33219,,,
Taylor,Villarreal,Taylor.Villarreal+881177@example.com,,non_binary,06/14/1966,7321 Johnston Rue,Mauricebury,MD,14131,Although few production site.,,
Sarah,Montoya,Sarah.Montoya+620197@example.com,,male,12/29/1961,099 Tyler Springs Apt. 798,New Lynn,MO,05198,,,
Stephanie,Munoz,Stephanie.Munoz+341381@example.com,,female,11/27/1999,7879 Weaver Pines Suite 139,Rodriguezport,AS,28565,,,
Calvin,Wallace,Calvin.Wallace+637974@example.com,,male,07/13/1971,04800 Sierra Mountains Suite 090,Aguilarport,AL,57735,,,
Christopher,Miller,Christopher.Miller+988670@example.com,,non_binary,08/12/1974,199 Green Brooks Apt. 359,West Darylport,WI,53138,Question hospital easy away rate.,,
Samuel,Flores,Samuel.Flores+686359@example.com,,non_binary,09/19/1983,687 Jacob Wells Apt. 486,East Jamesmouth,WV,33155,,,
Mallory,Lopez,Mallory.Lopez+252674@example.com,,non_binary,06/16/1962,28474 Nicole Forest Apt. 194,Port Larry,CA,67561,Officer exist to.,,
Phyllis,Newman,Phyllis.Newman+517476@example.com,,male,03/29/1997,047 Jessica Overpass,Ginahaven,NC,00976,Eat a above record behind.,,
Brittany,Mason,Brittany.Mason+208446@example.com,,female,04/19/1971,860 Emily Drives Suite 897,New Lisa,MT,43823,,,
Elizabeth,Oneill,Elizabeth.Oneill+259189@example.com,,female,02/22/1980,9268 Bryan Pike Suite 314,North Davidton,CO,31405,,,
Samantha,Parker,Samantha.Parker+79502@example.com,,male,03/26/1976,28718 Davis Extension,West Gregorymouth,WV,25524,,,
Samantha,Dean,Samantha.Dean+805744@example.com,,female,09/19/1991,7833 Kevin Views Apt. 174,East Marcside,KS,24063,,,
Lisa,Villarreal,Lisa.Villarreal+577645@example.com,,male,05/07/1971,9926 Smith Falls,Port Christopher,DE,67798,,,
Joseph,Francis,Joseph.Francis+557862@example.com,,female,05/12/1999,06382 Michael Lodge Apt. 519,Grimesstad,NV,93546,,,
Julie,Gonzalez,Julie.Gonzalez+586433@example.com,,female,12/05/2000,5443 Green Circle Suite 529,Lake Scottport,PA,21361,,,
Jacob,White,Jacob.White+691930@example.com,,female,03/22/1983,798 Walker Knolls,Rushfurt,LA,07817,,,
Christina,Wagner,Christina.Wagner+139831@example.com,,female,07/17/1988,3415 Martinez Unions Apt. 920,Ortizburgh,IN,77755,Magazine do state situation will.,,
Christopher,Navarro,Christopher.Navarro+896939@example.com,,female,02/26/1990,16499 Torres Motorway,Martinburgh,PW,27638,Wall especially smile huge like.,,
Kelly,Greene,Kelly.Greene+459904@example.com,,male,08/19/1964,5653 Simpson Ports,Andrewshire,ME,68060,Send short watch above.,,
Scott,Reynolds,Scott.Reynolds+476630@example.com,,non_binary,12/05/1998,408 Sierra Rapid Apt. 722,East Ricardo,LA,74811,,,
Jennifer,Young,Jennifer.Young+417546@example.com,,male,07/27/1975,5096 Shelby Crescent Apt. 538,Robinsonberg,IA,06867,,,
Austin,Washington,Austin.Washington+514845@example.com,,male,11/30/1980,65157 Brown Drive Suite 978,Codyport,NE,63063,,,
Lori,Thompson,Lori.Thompson+134766@example.com,,male,09/30/1967,5110 Lori Fields Suite 840,Jessicashire,PA,84401,,,
Michelle,Holmes,Michelle.Holmes+413479@example.com,,female,01/11/1998,5183 Nelson Crossroad Suite 490,West Katherine,UT,50352,,,
Amber,Mueller,Amber.Mueller+858764@example.com,,male,07/10/1976,11429 Butler Canyon Apt. 088,Austinstad,CO,30377,,,
Donna,Evans,Donna.Evans+284502@example.com,,non_binary,03/16/1964,029 Scott Villages,Harperfort,AR,83452,,,
Dawn,Fitzgerald,Dawn.Fitzgerald+284335@example.com,,non_binary,03/06/1986,6252 Steven Terrace Apt. 563,South Paul,WI,25263,,,
Shelly,Delacruz,Shelly.Delacruz+821632@example.com,,male,03/28/1982,89707 Tonya Way,Port Sarahchester,VI,85749,,,
Claudia,Potts,Claudia.Potts+54817@example.com,,non_binary,12/29/1972,150 Nancy Station,Amandaville,NM,37772,Fear begin test across.,,
Courtney,Spencer,Courtney.Spencer+700200@example.com,,male,07/04/1982,13705 Cole Spurs,Brownmouth,NE,26866,,,
Matthew,Baker,Matthew.Baker+997252@example.com,,female,12/26/1974,2458 Yvonne Corner Suite 595,Port Jonathan,NY,40951,,,
Jennifer,Garcia,Jennifer.Garcia+219929@example.com,,male,05/04/1990,590 Thomas Lodge Suite 246,Millershire,MA,36042,Marriage thing where old social if.,,
Ronald,Santos,Ronald.Santos+655426@example.com,,non_binary,12/16/1976,13209 Fischer Fork,Allenton,OR,28472,,,
Isaac,Bishop,Isaac.Bishop+511573@example.com,,non_binary,12/27/1980,56286 Charles Views Apt. 408,Davidton,UT,02798,,,
Steven,Mcgrath,Steven.Mcgrath+736865@example.com,,female,02/01/1969,580 Charles Shores,East Allisonberg,WI,11405,,,
Daniel,Pena,Daniel.Pena+538476@example.com,,non_binary,10/28/1979,59222 Susan Rapids Apt. 182,West Kristyville,AS,68501,,,
Jonathan,Gray,Jonathan.Gray+154258@example.com,,female,09/05/1988,03685 Sherri Bypass Suite 080,Cunninghamberg,MT,58835,,,
Shawn,Mcdonald,Shawn.Mcdonald+975054@example.com,,male,02/26/1963,67343 Alexandra Way,North Arielberg,WA,18656,,,
Daniel,Conner,Daniel.Conner+656730@example.com,,female,11/25/1967,764 Maynard Port Apt. 606,North Kathleen,FL,30082,,,
Gregory,Ferrell,Gregory.Ferrell+736130@example.com,,female,12/03/1968,6398 Denise Extensions Suite 701,Obrienfort,MD,22944,,,
James,Downs,James.Downs+378161@example.com,,non_binary,07/29/1999,742 Shelly Villages Apt. 865,Nathanfurt,MT,82338,,,
Edward,Rodriguez,Edward.Rodriguez+64850@example.com,,female,03/17/1994,2769 Huerta Loaf,Port Lisatown,ND,11712,Base like consider experience evidence total investment.,,
Denise,Washington,Denise.Washington+720663@example.com,,non_binary,02/07/1966,7909 Sara Stravenue Suite 948,Knighttown,AR,83358,,,
Timothy,Wallace,Timothy.Wallace+723814@example.com,,male,02/22/1979,558 Barnett Fords Apt. 983,Freemanville,MA,07767,Push run so hold large.,,
Michelle,Johnson,Michelle.Johnson+640338@example.com,,male,08/27/1993,2826 Daniel Locks Suite 622,South Joshuamouth,MS,39951,,,